<?xml version="1.0" encoding="utf-8"?>
<window type="dialog" id="1113">
  <onunload condition="String.IsEmpty(Skin.String(armani_user1))">Skin.SetString(armani_user1,Sam)</onunload>
	<defaultcontrol always="true">1000</defaultcontrol>
	<include>Animation_BottomSlide</include>
	<zorder>0</zorder>
	<controls>
    <control type="group">
      <top>420</top>
      <left>20</left>
      <width>500</width>
      <height>450</height>
      
      <control type="grouplist" id="2000">
        <itemgap>5</itemgap>
        <align>left</align>
        <orientation>horizontal</orientation>
        <bottom>0</bottom>
        <height>100</height>
        <onup>Control.SetFocus(1000,99,absolute)</onup>
        <ondown>Control.SetFocus(1000,0,absolute)</ondown>
        <control type="button" id="201">
          <width>250</width>
          <textoffsetx>30</textoffsetx>
          <label>Close</label>
          <onclick>Back</onclick>
        </control>
        <control type="button" id="202">
          <width>250</width>
          <textoffsetx>30</textoffsetx>
          <label>Defaults</label>
          <onclick>Skin.SetString(armani_user1,Sam)</onclick>
          <onclick>Skin.SetString(armani_user2,Laila)</onclick>
          <onclick>Skin.SetString(armani_user3,Linda)</onclick>
          <onclick>Skin.SetString(armani_user4,Joshua)</onclick>
          <onclick>Skin.SetString(armani_user5,)</onclick>
          <onclick>Skin.SetString(armani_user6,)</onclick>
          <onclick>Skin.SetString(armani_current_user,1)</onclick>
          <onclick>RunPlugin(plugin://plugin.video.armani/?mode=armani_user&name=Sam)</onclick>
        </control>
      </control>
      
      <control type="image">
        <top>-15</top>
        <height>3</height>
        <texture colordiffuse="AAAAAAAA" border="3">dialogs/separator-grey.png</texture>
      </control>
      
      <control type="group">
        <left>0</left>
        <top>0</top>
        
        <include content="SettingsColumnHeader">
          <param name="header" value="Name" />
        </include>
        
        <control type="fixedlist" id="1000">
          <top>50</top>
					<onright>Back</onright>
					<onup>2000</onup>
					<ondown>2000</ondown>
					<movement>12</movement>
					<focusposition>0</focusposition>
					<scrolltime tween="cubic" easing="out">500</scrolltime>
					<focusedlayout height="50">
						<control type="image">
							<visible>Control.HasFocus(1000)</visible>
							<left>0</left>
							<right>0</right>
							<top>0</top>
							<height>50</height>
							<texture colordiffuse="button_focus">lists/focus.png</texture>
						</control>
						<control type="label">
							<left>20</left>
							<right>20</right>
							<top>0</top>
							<height>50</height>
							<align>left</align>
							<aligny>center</aligny>
							<font>font38</font>
							<label>$INFO[ListItem.Label]</label>
							<shadowcolor>text_shadow</shadowcolor>
						</control>
					</focusedlayout>
					<itemlayout height="50">
						<control type="label">
							<left>20</left>
							<right>20</right>
							<top>0</top>
							<height>50</height>
							<align>left</align>
							<aligny>center</aligny>
							<font>font38</font>
							<label>$INFO[ListItem.Label]</label>
							<shadowcolor>text_shadow</shadowcolor>
						</control>
					</itemlayout>
          <content>
            <item>
              <label>1. $INFO[Skin.String(armani_user1)]</label>
              <onclick>Skin.SetString(armani_user1)</onclick>
            </item>
            <item>
              <label>2. $INFO[Skin.String(armani_user2)]</label>
              <onclick>Skin.SetString(armani_user2)</onclick>
            </item>
            <item>
              <label>3. $INFO[Skin.String(armani_user3)]</label>
              <onclick>Skin.SetString(armani_user3)</onclick>
            </item>
            <item>
              <label>4. $INFO[Skin.String(armani_user4)]</label>
              <onclick>Skin.SetString(armani_user4)</onclick>
            </item>
            <item>
              <label>5. $INFO[Skin.String(armani_user5)]</label>
              <onclick>Skin.SetString(armani_user5)</onclick>
            </item>
            <item>
              <label>6. $INFO[Skin.String(armani_user6)]</label>
              <onclick>Skin.SetString(armani_user6)</onclick>
            </item>
          </content>
        </control>
      </control>
      
    </control>
  
	</controls>
</window>
