<?xml version="1.0" encoding="utf-8"?>
<window type="dialog" id="1111">
	<defaultcontrol always="true">1000</defaultcontrol>
	<include>OpenClose_FadeSlide_Left</include>
	<zorder>0</zorder>
	<controls>
    <control type="group">
      <bottom>160</bottom>
      <width>462</width>
      <height>240</height>
      <control type="fixedlist" id="1000">
        <movement>4</movement>
        <focusposition>0</focusposition>
        <onleft>Back</onleft>
        <onright>Back</onright>
        <scrolltime tween="cubic" easing="out">500</scrolltime>
        <focusedlayout height="60">
          <control type="image">
            <left>0</left>
            <right>0</right>
            <top>0</top>
            <height>60</height>
            <texture colordiffuse="button_focus">lists/focus.png</texture>
          </control>
          <control type="label">
            <left>20</left>
            <right>20</right>
            <top>0</top>
            <height>60</height>
            <align>right</align>
            <aligny>center</aligny>
            <font>font_list</font>
            <label>$INFO[ListItem.Label]</label>
            <shadowcolor>text_shadow</shadowcolor>
          </control>
        </focusedlayout>
        <itemlayout height="60">
          <control type="label">
            <left>20</left>
            <right>20</right>
            <top>0</top>
            <height>60</height>
            <align>right</align>
            <aligny>center</aligny>
            <font>font_list</font>
            <label>$INFO[ListItem.Label]</label>
            <shadowcolor>text_shadow</shadowcolor>
          </control>
        </itemlayout>
        <content>
          <item>
            <label>$LOCALIZE[32209]</label>
            <onclick>RunPlugin(plugin://plugin.video.armani/?mode=clear_cache&cache=trakt)</onclick>
            <onclick>Back</onclick>
          </item>
          <item>
            <label>$LOCALIZE[32210]</label>
            <onclick>RunPlugin(plugin://plugin.video.armani/?mode=clear_cache&cache=imdb)</onclick>
            <onclick>Back</onclick>
          </item>
          <item>
            <label>$LOCALIZE[32211]</label>
            <onclick>RunPlugin(plugin://plugin.video.armani/?mode=clear_all_cache)</onclick>
            <onclick>Back</onclick>
          </item>
          <item>
            <label>$LOCALIZE[222]</label>
            <onclick>Back</onclick>
          </item>
        </content>
      </control>
    </control>
	</controls>
</window>
