<?xml version="1.0" encoding="UTF-8"?>
<window>
    <onload condition="Player.HasMedia">Stop</onload>
    <defaultcontrol>9001</defaultcontrol>
    <backgroundcolor>background</backgroundcolor>
    <controls>
        <control type="button" id="20000">
            <include>HiddenObject</include>
            <onfocus>SetFocus(2000)</onfocus>
            <onclick>noop</onclick>
            <visible allowhiddenfocus="true">Control.HasFocus(20000)</visible>
        </control>
        <control type="button" id="20001">
            <include>HiddenObject</include>
            <onfocus>SetFocus(2000)</onfocus>
            <onclick>noop</onclick>
            <visible allowhiddenfocus="true">Control.HasFocus(20001)</visible>
        </control>
        <include>DefaultBackground</include>
        <control type="group">
            <control type="group" id="2000">
                <left>462</left>
                <include>OpenClose_Right</include>

                <control type="group" id="4000">
                    <visible>Control.HasFocus(9001) | Control.HasFocus(4001)</visible>
                    <include content="Visible_Right_Delayed">
                        <param name="id" value="user"/>
                    </include>
                    <left>40</left>
                    <width>300</width>
                    <top>160</top>
                    <control type="image">
                        <left>-40</left>
                        <top>15</top>
                        <width>50</width>
                        <height>50</height>
                        <texture colordiffuse="FFFFFFFF">overlays/arrowright.png</texture>
                    </control>
                    <control type="fixedlist" id="4001">
                        <include content="SamHomeSubmenuCommon">
                            <param name="list_id" value="4001"/>
                            <param name="parent_id" value="9001"/>
                        </include>
                        <content>
                            <item>
                                <visible>!String.IsEmpty(Skin.String(armani_user1))</visible>
                                <label>$INFO[Skin.String(armani_user1)]</label>
                                <label2>$LOCALIZE[31998]</label2>
                                <onclick>Skin.SetString(armani_current_user,1)</onclick>
                                <onclick>RunPlugin(plugin://plugin.video.armani/?mode=armani_user&amp;
									name=$INFO[Skin.String(armani_user1)])</onclick>
                                <onclick>Control.SetFocus(9001)</onclick>
                                <onclick>ReloadSkin()</onclick>
                            </item>
                            <item>
                                <visible>!String.IsEmpty(Skin.String(armani_user2))</visible>
                                <label>$INFO[Skin.String(armani_user2)]</label>
                                <label2>$LOCALIZE[31998]</label2>
                                <onclick>Skin.SetString(armani_current_user,2)</onclick>
                                <onclick>RunPlugin(plugin://plugin.video.armani/?mode=armani_user&amp;
                                    name=$INFO[Skin.String(armani_user2)])
                                </onclick>
                                <onclick>Control.SetFocus(9001)</onclick>
                                <onclick>ReloadSkin()</onclick>
                            </item>
                            <item>
                                <visible>!String.IsEmpty(Skin.String(armani_user3))</visible>
                                <label>$INFO[Skin.String(armani_user3)]</label>
                                <label2>$LOCALIZE[31998]</label2>
                                <onclick>Skin.SetString(armani_current_user,3)</onclick>
                                <onclick>RunPlugin(plugin://plugin.video.armani/?mode=armani_user&amp;
                                    name=$INFO[Skin.String(armani_user3)])
                                </onclick>
                                <onclick>Control.SetFocus(9001)</onclick>
                                <onclick>ReloadSkin()</onclick>
                            </item>
                            <item>
                                <visible>!String.IsEmpty(Skin.String(armani_user4))</visible>
                                <label>$INFO[Skin.String(armani_user4)]</label>
                                <label2>$LOCALIZE[31998]</label2>
                                <onclick>Skin.SetString(armani_current_user,4)</onclick>
                                <onclick>RunPlugin(plugin://plugin.video.armani/?mode=armani_user&amp;
                                    name=$INFO[Skin.String(armani_user4)])
                                </onclick>
                                <onclick>Control.SetFocus(9001)</onclick>
                                <onclick>ReloadSkin()</onclick>
                            </item>
                            <item>
                                <visible>!String.IsEmpty(Skin.String(armani_user5))</visible>
                                <label>$INFO[Skin.String(armani_user5)]</label>
                                <label2>$LOCALIZE[31998]</label2>
                                <onclick>Skin.SetString(armani_current_user,5)</onclick>
                                <onclick>RunPlugin(plugin://plugin.video.armani/?mode=armani_user&amp;
                                    name=$INFO[Skin.String(armani_user5)])
                                </onclick>
                                <onclick>Control.SetFocus(9001)</onclick>
                                <onclick>ReloadSkin()</onclick>
                            </item>
                            <item>
                                <visible>!String.IsEmpty(Skin.String(armani_user6))</visible>
                                <label>$INFO[Skin.String(armani_user6)]</label>
                                <label2>$LOCALIZE[31998]</label2>
                                <onclick>Skin.SetString(armani_current_user,6)</onclick>
                                <onclick>RunPlugin(plugin://plugin.video.armani/?mode=armani_user&amp;
                                    name=$INFO[Skin.String(armani_user6)])
                                </onclick>
                                <onclick>Control.SetFocus(9001)</onclick>
                                <onclick>ReloadSkin()</onclick>
                            </item>
                        </content>
                    </control>
                </control>

                <control type="group" id="5000">
                    <visible>String.IsEqual(Container(9000).ListItem.Property(id),movies) + !Control.HasFocus(9001) +
                        !Control.HasFocus(4001) + !ControlGroup(900).HasFocus
                    </visible>
                    <include content="Visible_Right_Delayed">
                        <param name="id" value="movies"/>
                    </include>
                    <left>40</left>
                    <width>300</width>
                    <top>260</top>
                    <control type="image">
                        <left>-40</left>
                        <top>25</top>
                        <width>50</width>
                        <height>50</height>
                        <texture colordiffuse="FFFFFFFF">overlays/arrowright.png</texture>
                    </control>
                    <control type="fixedlist" id="5001">
                        <include content="SamHomeSubmenuCommon">
                            <param name="list_id" value="5001"/>
                        </include>
                        <content>
                            <item>
                                <description>Movies: alpha</description>
                                <label>$LOCALIZE[32035]</label>
                                <label2>$LOCALIZE[32038]</label2>
                                <onclick>ActivateWindow(videos,plugin://plugin.video.armani/?mode=armani_list&amp;
                                    action=movies_alpha,return)
                                </onclick>
                            </item>
                            <item>
                                <description>Movies: genres</description>
                                <label>$LOCALIZE[135]</label>
                                <label2>$LOCALIZE[32014]</label2>
                                <onclick>ActivateWindow(videos,plugin://plugin.video.armani/?mode=armani_list&amp;
                                    action=movies_genres,return)
                                </onclick>
                            </item>
                            <item>
                                <description>Movies: decades</description>
                                <label>$LOCALIZE[32034]</label>
                                <label2>$LOCALIZE[32036]</label2>
                                <onclick>ActivateWindow(videos,plugin://plugin.video.armani/?mode=armani_list&amp;
                                    action=movies_decades,return)
                                </onclick>
                            </item>
                        </content>
                    </control>
                </control>
                <control type="group" id="6000">
                    <visible>String.IsEqual(Container(9000).ListItem.Property(id),tv) + !Control.HasFocus(9001) +
                        !Control.HasFocus(4001) + !ControlGroup(900).HasFocus
                    </visible>
                    <include content="Visible_Right_Delayed">
                        <param name="id" value="tv"/>
                    </include>
                    <left>40</left>
                    <width>300</width>
                    <top>355</top>
                    <control type="image">
                        <left>-40</left>
                        <top>25</top>
                        <width>50</width>
                        <height>50</height>
                        <texture colordiffuse="FFFFFFFF">overlays/arrowright.png</texture>
                    </control>
                    <control type="fixedlist" id="6001">
                        <include content="SamHomeSubmenuCommon">
                            <param name="list_id" value="6001"/>
                        </include>
                        <content>
                            <item>
                                <description>TV: alpha</description>
                                <label>$LOCALIZE[32035]</label>
                                <label2>$LOCALIZE[32039]</label2>
                                <onclick>ActivateWindow(videos,plugin://plugin.video.armani/?mode=armani_list&amp;
                                    action=tvshows_alpha,return)
                                </onclick>
                            </item>
                            <item>
                                <description>TV: genres</description>
                                <label>$LOCALIZE[135]</label>
                                <label2>$LOCALIZE[32017]</label2>
                                <onclick>ActivateWindow(videos,plugin://plugin.video.armani/?mode=armani_list&amp;
                                    action=tvshows_genres,return)
                                </onclick>
                            </item>
                            <item>
                                <description>TV: decades</description>
                                <label>$LOCALIZE[32034]</label>
                                <label2>$LOCALIZE[32037]</label2>
                                <onclick>ActivateWindow(videos,plugin://plugin.video.armani/?mode=armani_list&amp;
                                    action=tvshows_decades,return)
                                </onclick>
                            </item>
                        </content>
                    </control>
                </control>
                <control type="group" id="7000">
                    <visible>String.IsEqual(Container(9000).ListItem.Property(id),fav) + !Control.HasFocus(9001) +
                        !Control.HasFocus(4001) + !ControlGroup(900).HasFocus
                    </visible>
                    <include content="Visible_Right_Delayed">
                        <param name="id" value="search"/>
                    </include>
                    <left>40</left>
                    <width>300</width>
                    <top>450</top>
                    <control type="image">
                        <left>-40</left>
                        <top>25</top>
                        <width>50</width>
                        <height>50</height>
                        <texture colordiffuse="FFFFFFFF">overlays/arrowright.png</texture>
                    </control>
                    <control type="fixedlist" id="7001">
                        <include content="SamHomeSubmenuCommon">
                            <param name="list_id" value="7001"/>
                        </include>
                        <content>
                            <item>
                                <description>All favourites</description>
                                <label>$LOCALIZE[593]</label>
                                <label2>$LOCALIZE[32003]</label2>
                                <onclick>ActivateWindow(videos,plugin://plugin.video.armani/?action=favorites_all&amp;
                                    mode=build_movie_list,return)
                                </onclick>
                            </item>
                            <item>
                                <description>Favourite movies</description>
                                <label>$LOCALIZE[342]</label>
                                <label2>$LOCALIZE[32001]</label2>
                                <onclick>ActivateWindow(videos,plugin://plugin.video.armani/?action=favorites_movies&amp;
                                    mode=build_movie_list,return)
                                </onclick>
                            </item>
                            <item>
                                <description>Favourite TV shows</description>
                                <label>$LOCALIZE[20343]</label>
                                <label2>$LOCALIZE[32002]</label2>
                                <onclick>ActivateWindow(videos,plugin://plugin.video.armani/?action=favorites_tvshows&amp;
                                    mode=build_tvshow_list,return)
                                </onclick>
                            </item>
                        </content>
                    </control>
                </control>
            </control>
            <control type="group">
                <depth>DepthContentPanel</depth>
                <include>OpenClose_Left</include>
                <include content="ContentPanel">
                    <param name="width" value="522"/>
                </include>

                <control type="fixedlist" id="9001">
                    <left>0</left>
                    <top>160</top>
                    <width>462</width>
                    <bottom>-10</bottom>
                    <movement>7</movement>
                    <focusposition>0</focusposition>
                    <onfocus>ClearProperty(listposition,home)</onfocus>
                    <onright>SetFocus($INFO[Container(9001).ListItem.Property(menu_id)])</onright>
                    <onup>900</onup>
                    <ondown>SetFocus(9000,0,absolute)</ondown>
                    <scrolltime tween="cubic" easing="out">500</scrolltime>
                    <focusedlayout height="80">
                        <control type="image">
                            <visible>Control.HasFocus(9001)</visible>
                            <left>0</left>
                            <top>0</top>
                            <height>80</height>
                            <texture colordiffuse="button_focus">lists/focus.png</texture>
                        </control>
                        <control type="image">
                            <visible>Control.HasFocus(9001) | Control.HasFocus(4001)</visible>
                            <left>10</left>
                            <top>0</top>
                            <width>80</width>
                            <height>80</height>
                            <texture>$INFO[ListItem.Art(thumb)]</texture>
                        </control>
                        <control type="image">
                            <visible>![Control.HasFocus(9001) | Control.HasFocus(4001)]</visible>
                            <left>10</left>
                            <top>0</top>
                            <width>80</width>
                            <height>80</height>
                            <texture colordiffuse="44FFFFFF">$INFO[ListItem.Art(thumb)]</texture>
                        </control>
                        <control type="label">
                            <left>85</left>
                            <right>85</right>
                            <top>0</top>
                            <height>80</height>
                            <align>center</align>
                            <aligny>center</aligny>
                            <font>font_list</font>
                            <label>[I]$INFO[ListItem.Label][/I]</label>
                            <shadowcolor>text_shadow</shadowcolor>
                        </control>
                    </focusedlayout>
                    <itemlayout height="80">
                        <control type="image">
                            <left>10</left>
                            <top>0</top>
                            <width>80</width>
                            <height>80</height>
                            <texture colordiffuse="44FFFFFF">$INFO[ListItem.Art(thumb)]</texture>
                        </control>
                        <control type="label">
                            <left>85</left>
                            <right>85</right>
                            <top>0</top>
                            <height>80</height>
                            <align>center</align>
                            <aligny>center</aligny>
                            <font>font_list</font>
                            <label>[I]$INFO[ListItem.Label][/I]</label>
                            <shadowcolor>text_shadow</shadowcolor>
                        </control>
                    </itemlayout>
                    <content>
                        <item>
                            <label>$VAR[Var_UserName]</label>
                            <label2>$LOCALIZE[31989]</label2>
                            <onclick>SetFocus(4000)</onclick>
                            <property name="menu_id">$NUMBER[4000]</property>
                            <property name="id">user</property>
                            <thumb>defaultuser.png</thumb>
                            <visible>System.HasAddon(plugin.video.armani) + System.AddonIsEnabled(plugin.video.armani)
                            </visible>
                        </item>
                    </content>
                </control>

                <control type="fixedlist" id="9000">
                    <left>0</left>
                    <top>260</top>
                    <width>462</width>
                    <bottom>-10</bottom>
                    <movement>7</movement>
                    <focusposition>0</focusposition>
                    <onfocus>ClearProperty(listposition,home)</onfocus>
                    <onright>SetFocus($INFO[Container(9000).ListItem.Property(menu_id)])</onright>
                    <onup>SetFocus(9001)</onup>
                    <ondown>SetFocus(900)</ondown>
                    <scrolltime tween="cubic" easing="out">500</scrolltime>
                    <focusedlayout height="95">
                        <control type="image">
                            <visible>Control.HasFocus(9000)</visible>
                            <left>0</left>
                            <top>0</top>
                            <width>462</width>
                            <height>95</height>
                            <texture colordiffuse="button_focus">lists/focus.png</texture>
                        </control>
                        <control type="image">
                            <visible>![Control.HasFocus(9000) | Control.HasFocus(5001) | Control.HasFocus(6001) |
                                Control.HasFocus(7001)]
                            </visible>
                            <left>-3</left>
                            <top>1</top>
                            <width>95</width>
                            <height>95</height>
                            <texture colordiffuse="44FFFFFF">$INFO[ListItem.Art(thumb)]</texture>
                        </control>
                        <control type="image">
                            <visible>Control.HasFocus(9000) | Control.HasFocus(5001) | Control.HasFocus(6001) |
                                Control.HasFocus(7001)
                            </visible>
                            <left>-3</left>
                            <top>1</top>
                            <width>95</width>
                            <height>95</height>
                            <texture>$INFO[ListItem.Art(thumb)]</texture>
                        </control>
                        <control type="label">
                            <left>104</left>
                            <top>0</top>
                            <height>95</height>
                            <width>560</width>
                            <aligny>center</aligny>
                            <font>font_home_menu</font>
                            <label>$INFO[ListItem.Label]</label>
                            <shadowcolor>text_shadow</shadowcolor>
                        </control>
                    </focusedlayout>
                    <itemlayout height="95">
                        <control type="image">
                            <left>-3</left>
                            <top>1</top>
                            <width>95</width>
                            <height>95</height>
                            <texture colordiffuse="44FFFFFF">$INFO[ListItem.Art(thumb)]</texture>
                        </control>
                        <control type="label">
                            <left>104</left>
                            <top>0</top>
                            <height>95</height>
                            <width>560</width>
                            <aligny>center</aligny>
                            <font>font_home_menu</font>
                            <label>$INFO[ListItem.Label]</label>
                            <shadowcolor>text_shadow</shadowcolor>
                        </control>
                    </itemlayout>
                    <content>
                        <item>
                            <description>Movie Menu</description>
                            <label>$LOCALIZE[342]</label>
                            <label2>$LOCALIZE[31992]</label2>
                            <onclick>SetFocus(5000)</onclick>
                            <property name="menu_id">$NUMBER[5000]</property>
                            <property name="id">movies</property>
                            <thumb>icons/sidemenu/movies.png</thumb>
                            <visible>System.HasAddon(plugin.video.armani) + System.AddonIsEnabled(plugin.video.armani)
                            </visible>
                        </item>
                        <item>
                            <description>TV Menu</description>
                            <label>$LOCALIZE[20343]</label>
                            <label2>$LOCALIZE[31993]</label2>
                            <onclick>SetFocus(6000)</onclick>
                            <property name="menu_id">$NUMBER[6000]</property>
                            <property name="id">tv</property>
                            <thumb>icons/sidemenu/tv.png</thumb>
                            <visible>System.HasAddon(plugin.video.armani) + System.AddonIsEnabled(plugin.video.armani)
                            </visible>
                        </item>
                        <item>
                            <description>Favorites Menu</description>
                            <label>$LOCALIZE[1036]</label>
                            <label2>$LOCALIZE[32000]</label2>
                            <onclick>SetFocus(7000)</onclick>
                            <property name="menu_id">$NUMBER[7000]</property>
                            <property name="id">fav</property>
                            <thumb>defaultfavourites.png</thumb>
                            <visible>System.HasAddon(plugin.video.armani) + System.AddonIsEnabled(plugin.video.armani)
                            </visible>
                        </item>
                        <item>
                            <label>$LOCALIZE[24020]</label>
                            <label2>$LOCALIZE[31996]</label2>
                            <onclick>ActivateWindow(skinsettings)</onclick>
                            <thumb>icons/sidemenu/addons.png</thumb>
                            <visible>![System.HasAddon(plugin.video.armani) +
                                System.AddonIsEnabled(plugin.video.armani)]
                            </visible>
                        </item>
                    </content>
                </control>

                <include>BottomBar</include>

                <control type="grouplist" id="900">
                    <orientation>horizontal</orientation>
                    <itemgap>0</itemgap>
                    <left>-8</left>
                    <width>480</width>
                    <height>110</height>
                    <bottom>40</bottom>
                    <onup>SetFocus(9000,99,absolute)</onup>
                    <ondown>9001</ondown>
                    <align>justify</align>
                    <include content="IconButton">
                        <param name="control_id" value="801"/>
                        <param name="onclick" value="Quit()"/>
                        <param name="icon" value="icons/power.png"/>
                    </include>
                    <include content="IconButton">
                        <param name="control_id" value="802"/>
                        <param name="onclick" value="ActivateWindow(skinsettings)"/>
                        <param name="icon" value="icons/settings.png"/>
                    </include>
                    <include content="IconButton">
                        <param name="control_id" value="803"/>
                        <param name="onclick" value="RunPlugin(plugin://plugin.video.armani/?mode=armani_search)"/>
                        <param name="icon" value="icons/search.png"/>
                        <param name="visible"
                               value="System.HasAddon(plugin.video.armani) + System.AddonIsEnabled(plugin.video.armani)"/>
                    </include>


                </control>


            </control>
            <include content="TopBar">
                <param name="breadcrumbs_label" value=""/>
            </include>
            <control type="group">
                <depth>DepthBars</depth>
                <!--<animation effect="slide" end="0,-90" time="300" tween="sine" easing="inout" condition="$EXP[infodialog_active]">conditional</animation>
                <animation effect="fade" start="0" end="100" time="300">WindowOpen</animation>
                <animation effect="fade" start="100" end="0" time="200">WindowClose</animation>-->
                <top>30</top>
                <left>0</left>
                <control type="label">
                    <width>462</width>
                    <align>center</align>
                    <font>font_Logo</font>
                    <color>white</color>
                    <label>$LOCALIZE[31990]</label>
                </control>
                <control type="label">
                    <top>74</top>
                    <width>462</width>
                    <align>center</align>
                    <font>font34</font>
                    <color>white</color>
                    <label>[B]$LOCALIZE[31991][/B]</label>
                </control>
            </control>
        </control>
        <control type="textbox">
            <description>Tooltip (bottom)</description>
            <left>502</left>
            <right>40</right>
            <bottom>40</bottom>
            <height>120</height>
            <align>left</align>
            <aligny>center</aligny>
            <font>font42</font>
            <label>$VAR[Var_HomeTip]</label>
        </control>
        <control type="group">
            <description>Separator images</description>
            <left>10</left>
            <width>442</width>
            <control type="image">
                <top>155</top>
                <height>3</height>
                <texture colordiffuse="AAAAAAAA" border="3">dialogs/separator-grey.png</texture>
            </control>
            <control type="image">
                <top>242</top>
                <height>3</height>
                <texture colordiffuse="AAAAAAAA" border="3">dialogs/separator-grey.png</texture>
            </control>
            <control type="image">
                <bottom>140</bottom>
                <height>3</height>
                <texture colordiffuse="AAAAAAAA" border="3">dialogs/separator-grey.png</texture>
            </control>
        </control>
    </controls>
</window>
