<?xml version="1.0" encoding="UTF-8"?>
<window>
	<defaultcontrol>9000</defaultcontrol>
	<backgroundcolor>background</backgroundcolor>
	<onload condition="String.IsEmpty(Skin.String(background_overlay))">Skin.SetString(background_overlay,1)</onload>
  <onload condition="String.IsEmpty(Skin.String(armani_current_user))">Skin.SetString(armani_current_user,1)</onload>
	<controls>
		<include>DefaultBackground</include>
		<control type="group" id="10000">
      <visible>False</visible>
			<left>470</left>
			<include>OpenClose_Right</include>
			<control type="image">
				<description>Dialog Header image</description>
				<left>0</left>
				<top>130</top>
				<right>0</right>
				<height>3</height>
				<texture colordiffuse="button_focus" border="2">dialogs/separator-grey.png</texture>
			</control>
			<control type="image">
				<description>Dialog Header image</description>
				<left>0</left>
				<bottom>134</bottom>
				<right>0</right>
				<height>3</height>
				<texture colordiffuse="button_focus" border="2">dialogs/separator-grey.png</texture>
			</control>
		</control>
    <control type="group">
			<left>820</left>
      <right>20</right>
			<include>OpenClose_Right</include>
			<control type="list" id="9000">
				<top>100</top>
				<left>0</left>
				<right>0</right>
				<bottom>30</bottom>
        <itemlayout height="80">
          <control type="label">
						<textoffsetx>30</textoffsetx>
						<right>0</right>
						<height>80</height>
						<label>$INFO[ListItem.Label]</label>
						<font>font_list</font>
						<aligny>center</aligny>
					</control>
        </itemlayout>
        <focusedlayout height="80">
          <control type="image">
						<height>80</height>
						<texture colordiffuse="button_focus">lists/focus.png</texture>
						<animation effect="fade" start="100" end="50" time="40" condition="!Control.HasFocus(9000)">Conditional</animation>
					</control>
          <control type="label">
						<textoffsetx>30</textoffsetx>
						<right>0</right>
						<height>80</height>
						<label>$INFO[ListItem.Label]</label>
						<font>font_list</font>
						<aligny>center</aligny>
					</control>
        </focusedlayout>
        <content>
					<item>
            <label>$LOCALIZE[32137]</label>
            <label2>$LOCALIZE[32138]</label2>
            <onclick>RunPlugin(plugin://plugin.video.armani/?mode=armani_import)</onclick>
						<visible>System.HasAddon(plugin.video.armani) + System.AddonIsEnabled(plugin.video.armani)</visible>
          </item>
					<item>
            <label>$LOCALIZE[32113]</label>
            <label2>$LOCALIZE[32112]</label2>
            <onclick>ActivateWindow(1113)</onclick>
          </item>
          <item>
            <description>Kodi settings</description>
            <label>$LOCALIZE[32102]</label>
            <label2>$VAR[Var_SettingsKodiLabel2]</label2>
            <onclick>ActivateWindow(settings)</onclick>
          </item>
					<item>
						<description>Audio Language</description>
            <label>- $LOCALIZE[32135]</label>
            <label2>$LOCALIZE[32136]</label2>
            <onclick>ActivateWindowAndFocus(playersettings,-96,0,-79,0)</onclick>
          </item>
					<item>
            <description>Cocoscrapers settings</description>
            <label>$LOCALIZE[32107]</label>
            <label2>$LOCALIZE[32108]</label2>
            <onclick>Addon.OpenSettings(script.module.cocoscrapers)</onclick>
            <visible>System.HasAddon(script.module.cocoscrapers) + System.AddonIsEnabled(script.module.cocoscrapers)</visible>
          </item>
          <item>
            <description>a4kSubtitles settings</description>
            <label>$LOCALIZE[32104]</label>
            <label2>$LOCALIZE[32126]</label2>
            <onclick>Addon.OpenSettings(service.subtitles.a4ksubtitles)</onclick>
            <visible>System.HasAddon(service.subtitles.a4ksubtitles) + System.AddonIsEnabled(service.subtitles.a4ksubtitles)</visible>
          </item>
          <item>
            <description>Fen settings</description>
            <label>$LOCALIZE[32103]</label>
            <label2>$LOCALIZE[32125]</label2>
            <onclick>Addon.OpenSettings(plugin.video.armani)</onclick>
            <visible>System.HasAddon(plugin.video.armani) + System.AddonIsEnabled(plugin.video.armani)</visible>
          </item>
					<item>
            <description>Clear Cache</description>
            <label>- $LOCALIZE[32118]</label>
            <label2>$LOCALIZE[32119]</label2>
            <onclick>ActivateWindow(videos,plugin://plugin.video.armani/?mode=navigator.maintenance)</onclick>
            <visible>System.HasAddon(plugin.video.armani) + System.AddonIsEnabled(plugin.video.armani)</visible>
          </item>
          <item>
            <description>Real-Debrid: account information</description>
            <label>- $LOCALIZE[32105]</label>
            <label2>$LOCALIZE[32127]</label2>
            <onclick>PlayMedia(plugin://plugin.video.armani/?mode=real_debrid.rd_account_info)</onclick>
            <visible>System.HasAddon(plugin.video.armani) + System.AddonIsEnabled(plugin.video.armani)</visible>
          </item>
					<item>
            <description>Open Fen's main menu</description>
            <label>- $LOCALIZE[32110]</label>
            <label2>$LOCALIZE[32131]</label2>
            <onclick>ActivateWindow(videos,plugin://plugin.video.armani,return)</onclick>
            <visible>System.HasAddon(plugin.video.armani) + System.AddonIsEnabled(plugin.video.armani)</visible>
          </item>
        </content>
      </control>
    </control>
    
		<control type="group">
			<depth>DepthContentPanel</depth>
			<left>0</left>
			<include>OpenClose_Left</include>
			<include content="ContentPanel">
				<param name="width" value="870" />
			</include>
      <control type="group">
        <top>100</top>
        <left>30</left>
        <width>750</width>
        <control type="label">
          <top>0</top>
          <height>50</height>
          <label>[UPPERCASE]$LOCALIZE[32101][/UPPERCASE]</label>
        </control>
        <control type="image">
          <top>50</top>
          <height>3</height>
          <texture colordiffuse="AAAAAAAA" border="3">dialogs/separator-grey.png</texture>
        </control>
        <control type="textbox">
          <top>55</top>
          <bottom>30</bottom>
          <label>$INFO[ListItem.Label2]</label>
        </control>
      </control>
		</control>
		<control type="group">
			<right>0</right>
			<top>133</top>
			<bottom>137</bottom>
			<width>60</width>
			<control type="scrollbar" id="60">
				<right>0</right>
				<top>0</top>
				<bottom>0</bottom>
				<width>12</width>
				<orientation>vertical</orientation>
				<texturesliderbackground />
				<animation effect="slide" end="6,0" time="300" tween="sine" easing="inout" condition="!Control.HasFocus(60)">conditional</animation>
				<onleft>610</onleft>
				<onright>610</onright>
				<animation effect="fade" start="0" end="100" time="200" delay="300">Visible</animation>
				<animation effect="fade" start="100" end="0" time="200">Hidden</animation>
				<animation effect="fade" start="0" end="100" delay="300" time="320">WindowOpen</animation>
				<animation effect="fade" start="100" end="0" time="150">WindowClose</animation>
				<hitrect x="0" y="0" w="60" h="100%" />
				<visible>Control.IsVisible(610)</visible>
			</control>
		</control>
		<include content="TopBar">
			<param name="breadcrumbs_label" value="$LOCALIZE[32100]" />
		</include>
		<include>BottomBar</include>
	</controls>
</window>
