<?xml version="1.0" encoding="UTF-8"?>
<fonts>
	<fontset id="Default" idloc="15109">
		<!-- Normal Fonts -->
    <font>
      <name>font_list</name>
      <filename>Roboto-Black.ttf</filename>
      <size>40</size>
    </font>
    <font>
      <name>font_menu_lists</name>
      <filename>Roboto-Black.ttf</filename>
      <size>36</size>
      <!-- Trakt lists are uppercase for some reason -->
      <style>lowercase capitalize</style>
    </font>
    <font>
      <name>font_home_menu</name>
      <filename>Roboto-Black.ttf</filename>
      <size>44</size>
      <style>uppercase</style>
    </font>
    <font>
			<name>font_details</name>
			<filename>Roboto-Regular.ttf</filename>
			<size>36</size>
		</font>
    <font>
			<name>font_flag</name>
			<filename>Roboto-Regular.ttf</filename>
			<size>38</size>
      <style>uppercase</style>
		</font>
		<font>
			<name>font10</name>
			<filename>Roboto-Regular.ttf</filename>
			<size>23</size>
		</font>
		<font>
			<name>font12</name>
			<filename>Roboto-Regular.ttf</filename>
			<size>38</size>
		</font>
		<font>
			<name>font13</name>
			<filename>Roboto-Regular.ttf</filename>
			<size>38</size>
		</font>
		<font>
			<name>font14</name>
			<filename>Roboto-Regular.ttf</filename>
			<size>38</size>
		</font>
		<font>
			<name>font23_narrow</name>
			<filename>Roboto-Regular.ttf</filename>
			<size>23</size>
			<linespacing>0.8</linespacing>
		</font>
		<font>
			<name>font25_narrow</name>
			<filename>Roboto-Regular.ttf</filename>
			<size>25</size>
			<linespacing>0.8</linespacing>
		</font>
		<font>
			<name>font27</name>
			<filename>Roboto-Regular.ttf</filename>
			<size>40</size>
		</font>
		<font>
			<name>font27_narrow</name>
			<filename>Roboto-Regular.ttf</filename>
			<size>27</size>
			<linespacing>0.8</linespacing>
		</font>
		<font>
			<name>font32</name>
			<filename>Roboto-Regular.ttf</filename>
			<size>32</size>
		</font>
    <font>
			<name>font34</name>
			<filename>Roboto-Regular.ttf</filename>
			<size>34</size>
		</font>
		<font>
			<name>font37</name>
			<filename>Roboto-Regular.ttf</filename>
			<size>37</size>
		</font>
    <font>
			<name>font40</name>
			<filename>Roboto-Regular.ttf</filename>
			<size>40</size>
		</font>
    <font>
			<name>font42</name>
			<filename>Roboto-Regular.ttf</filename>
			<size>42</size>
		</font>
		<font>
			<name>font45</name>
			<filename>Roboto-Regular.ttf</filename>
			<size>45</size>
		</font>
		<font>
			<name>font60</name>
			<filename>Roboto-Regular.ttf</filename>
			<size>60</size>
		</font>
		<font>
			<name>font_clock</name>
			<filename>Roboto-Black.ttf</filename>
			<size>50</size>
		</font>
		<font>
			<name>font_date</name>
			<filename>Roboto-Regular.ttf</filename>
			<size>36</size>
		</font>
		<!-- Title Fonts -->

		<font>
			<name>font20_title</name>
			<filename>Roboto-Regular.ttf</filename>
			<size>20</size>
			<style>bold</style>
		</font>
		<font>
			<name>font25_title</name>
			<filename>Roboto-Regular.ttf</filename>
			<size>25</size>
			<style>bold</style>
		</font>
		<font>
			<name>font30_title</name>
			<filename>Roboto-Regular.ttf</filename>
			<size>30</size>
			<style>bold</style>
		</font>
		<font>
			<name>font32_title</name>
			<filename>Roboto-Regular.ttf</filename>
			<size>32</size>
			<style>bold</style>
		</font>
		<font>
			<name>font36_title</name>
			<filename>Roboto-Regular.ttf</filename>
			<size>36</size>
			<style>bold</style>
		</font>
		<font>
			<name>font40_title</name>
			<filename>Roboto-Black.ttf</filename>
			<size>40</size>
		</font>
		<font>
			<name>font45_title</name>
			<filename>Roboto-Black.ttf</filename>
			<size>45</size>
		</font>
		<font>
			<name>font52_title</name>
			<filename>Roboto-Black.ttf</filename>
			<size>52</size>
		</font>
		<font>
			<name>font_MainMenu</name>
			<filename>Roboto-Black.ttf</filename>
			<size>60</size>
		</font>
    <font>
			<name>font_Logo</name>
			<filename>Roboto-Black.ttf</filename>
			<size>70</size>
		</font>
		<font>
			<name>WeatherTemp</name>
			<aspect>0.85</aspect>
			<filename>Roboto-Regular.ttf</filename>
			<size>120</size>
			<style>bold</style>
		</font>
		<font>
			<name>Mono26</name>
			<filename>Roboto-Regular.ttf</filename>
			<size>26</size>
		</font>
	</fontset>
</fonts>
